,Predicted Data,Test Data
0,2,2
1,3,3
2,2,12
3,2,4
4,2,3
5,2,3
6,2,3
7,3,1
8,2,4
9,2,2
10,2,12
11,2,1
12,2,2
13,2,2
14,3,6
15,2,2
16,2,3
17,2,16
18,2,2
19,2,5
20,3,5
21,2,5
22,2,6
23,2,2
24,2,1
25,2,1
26,3,4
27,1,1
28,31,2
29,2,8
30,2,9
31,2,2
32,3,4
33,2,13
34,2,6
35,2,1
36,2,4
37,2,1
38,2,21
39,2,1
40,2,33
41,2,1
42,2,1
43,3,6
44,3,8
45,3,20
46,2,2
47,2,10
48,3,6
49,1,2
50,2,1
51,2,4
52,2,13
53,2,1
54,2,4
55,2,4
56,2,2
57,2,2
58,2,6
59,2,17
60,2,1
61,3,3
62,2,6
63,3,4
64,2,2
65,2,9
66,2,5
67,2,2
68,2,2
69,2,13
70,2,3
71,1,2
72,2,5
73,2,2
74,3,4
75,2,5
76,2,2
77,2,3
78,3,1
79,2,2
80,1,2
81,2,1
82,3,4
83,2,5
84,3,6
85,3,7
86,2,3
87,2,29
88,3,6
89,2,4
90,2,1
91,3,2
92,2,1
93,2,3
94,3,6
95,3,7
96,2,2
97,3,3
98,2,3
99,2,2
100,2,10
101,2,20
102,3,4
103,2,3
104,2,2
105,3,9
106,2,14
107,2,4
108,2,2
109,2,3
110,2,5
111,2,3
112,2,4
113,2,7
114,2,2
115,2,6
116,2,1
117,2,2
118,4,14
119,3,5
120,3,7
121,2,3
122,2,9
123,2,2
124,2,9
125,2,1
126,3,4
127,2,7
128,3,4
129,2,2
130,2,3
131,3,4
132,3,7
133,2,4
134,2,2
135,2,2
136,2,2
137,1,8
138,3,6
139,2,2
140,2,3
141,3,1
142,2,1
143,2,1
144,2,12
145,2,7
146,2,3
147,3,2
148,1,1
149,2,2
150,3,4
151,1,1
152,2,3
153,2,8
154,2,8
155,3,9
156,2,3
157,2,2
158,3,2
159,2,9
160,2,3
161,2,10
162,2,3
163,2,3
164,3,3
165,2,2
166,2,6
167,2,6
168,2,23
169,2,4
170,3,5
171,2,3
172,2,2
173,2,3
174,2,4
175,2,2
176,2,15
177,2,5
178,2,7
179,2,3
180,2,5
181,2,5
182,2,2
183,2,1
184,2,4
185,3,5
186,3,5
187,3,12
188,2,6
189,2,15
190,2,2
191,2,3
192,1,2
193,3,5
194,2,2
195,2,3
196,3,7
197,2,1
198,3,6
199,2,5
200,3,5
201,1,4
202,1,2
203,2,7
204,2,2
205,3,3
206,2,2
207,2,2
208,3,2
209,2,6
210,3,249
211,3,6
212,2,1
213,1,10
214,2,2
215,1,1
216,2,3
217,3,2
218,2,2
219,2,1
220,2,3
221,3,2
222,2,3
223,3,4
224,2,1
225,2,2
226,2,4
227,2,1
228,2,2
229,2,2
230,2,5
231,3,13
232,2,4
233,2,14
234,2,2
235,2,4
236,3,6
237,1,1
238,2,2
239,2,5
240,3,1
241,2,2
242,2,3
243,2,20
244,2,2
245,2,2
246,2,5
247,2,2
248,2,1
249,2,2
250,2,8
251,2,5
252,3,3
253,2,5
254,1,5
255,2,2
256,2,1
257,1,9
258,2,2
259,2,4
260,3,5
261,3,3
262,2,6
263,2,3
264,2,184
265,2,4
266,2,1
267,3,7
268,3,3
269,2,3
270,2,2
271,2,2
272,2,1
273,2,2
274,2,2
275,2,2
276,3,3
277,2,2
278,2,2
279,2,7
280,2,5
281,2,2
282,2,3
283,3,7
284,3,1
285,2,5
286,2,3
287,3,3
288,2,3
289,3,2
290,2,1
291,3,8
292,2,6
293,3,30
294,2,8
295,2,4
296,2,1
297,3,2
298,3,25
299,2,1
300,2,2
301,2,1
302,2,4
303,2,5
304,3,5
305,3,4
306,2,4
307,1,13
308,2,3
309,2,3
310,2,2
311,2,1
312,2,2
313,3,7
314,2,7
315,2,2
316,2,4
317,2,6
318,2,2
319,2,3
320,2,3
321,3,3
322,2,2
323,2,11
324,2,2
325,2,3
326,2,1
327,2,4
328,2,3
329,2,1
330,2,2
331,3,6
332,3,4
333,2,4
334,1,1
335,3,3
336,2,3
337,2,8
338,2,2
339,3,5
340,2,13
341,3,2
342,2,1
343,2,1
344,3,14
345,3,2
346,2,2
347,2,3
348,2,5
349,2,6
350,3,5
351,2,5
352,3,9
353,2,33
354,3,15
355,2,5
356,3,2
357,2,4
358,3,8
359,2,3
360,2,12
361,2,3
362,2,6
363,2,1
364,2,2
365,2,5
366,2,10
367,2,14
368,2,14
369,2,3
370,2,2
371,2,4
372,3,10
373,3,3
374,2,2
375,1,1
376,1,2
377,2,2
378,2,3
379,2,4
380,2,2
381,3,5
382,2,7
383,2,1
384,2,1
385,2,1
386,2,1
387,2,3
388,3,3
389,19,6
390,2,2
391,2,2
392,2,8
393,2,6
394,2,3
395,2,1
396,3,3
397,2,3
398,2,4
399,3,2
400,2,2
401,2,4
402,3,5
403,3,3
404,2,1
405,2,2
406,3,41
407,2,3
408,2,5
409,2,3
410,3,16
411,3,3
412,2,3
413,1,2
414,2,4
415,2,2
416,2,1
417,2,6
418,2,8
419,3,2
420,1,1
421,3,5
422,2,4
423,2,2
424,2,1
425,2,1
426,3,2
427,2,1
428,2,3
429,2,1
430,2,9
431,11,21
432,2,2
433,3,3
434,2,4
435,2,2
436,2,2
437,2,17
438,2,9
439,1,2
440,2,7
441,3,3
442,2,2
443,2,1
444,2,4
445,2,6
446,2,8
447,4,15
448,3,5
449,2,6
450,3,11
451,3,6
452,3,5
453,2,2
454,1,3
455,2,1
456,2,2
457,2,1
458,3,5
459,2,3
460,3,5
461,2,25
462,2,2
463,3,5
464,2,15
465,2,1
466,2,1
467,2,2
468,2,3
469,2,4
470,2,2
471,2,2
472,1,3
473,1,1
474,2,1
475,2,2
476,2,3
477,3,8
478,2,3
479,3,4
480,2,9
481,2,1
482,2,1
483,2,5
484,2,4
485,2,3
486,2,2
487,2,1
488,3,6
489,2,7
490,2,3
491,3,2
492,3,2
493,2,2
494,2,5
495,2,4
496,2,2
497,2,25
498,2,2
499,2,4
500,3,30
501,2,6
502,2,5
503,2,3
504,2,3
505,2,6
506,2,3
507,2,1
508,2,1
509,2,8
510,2,8
511,2,2
512,2,4
513,1,5
514,3,4
515,2,9
516,2,2
517,2,2
518,2,3
519,2,4
520,2,6
521,2,2
522,2,1
523,2,10
524,3,3
525,2,1
526,2,4
527,2,5
528,2,2
529,2,1
530,2,5
531,3,3
532,2,1
533,2,3
534,2,9
535,3,5
536,2,6
537,2,5
538,2,2
539,2,3
540,2,4
541,2,3
542,3,2
543,2,6
544,3,10
545,3,2
546,2,4
547,3,11
548,3,5
549,2,5
550,3,6
551,2,6
552,3,18
553,3,5
554,2,2
555,2,2
556,2,3
557,2,4
558,2,3
559,3,6
560,2,2
561,1,1
562,3,4
563,3,2
564,2,6
565,2,15
566,2,4
567,2,13
568,2,8
569,2,3
570,2,3
571,3,6
572,2,7
573,2,2
574,2,2
575,2,1
576,2,8
577,2,3
578,2,4
579,3,6
580,3,3
581,2,2
582,2,5
583,3,5
584,2,5
585,2,5
586,2,3
587,2,10
588,2,4
589,3,5
590,2,3
591,2,4
592,2,1
593,2,8
594,2,8
595,3,3
596,1,9
597,3,19
598,2,3
599,2,4
600,2,3
601,3,3
602,2,4
603,2,2
604,2,3
605,3,4
606,3,21
607,2,17
608,3,4
609,2,2
610,2,1
611,2,5
612,2,1
613,2,4
614,2,2
615,3,4
616,2,2
617,2,1
618,2,2
619,3,8
620,1,1
621,2,3
622,2,7
623,2,12
624,3,26
625,3,2
626,3,17
627,31,10
628,2,4
629,2,3
630,2,3
631,3,2
632,2,5
633,2,2
634,31,10
635,2,3
636,1,2
637,2,2
638,2,2
639,2,1
640,2,12
641,2,4
642,2,1
643,3,2
644,2,4
645,2,2
646,3,17
647,3,4
648,2,2
649,2,2
650,2,7
651,3,8
652,19,3
653,2,3
654,2,5
655,3,24
656,2,4
657,2,6
658,2,5
659,2,2
660,2,2
661,19,10
662,2,9
663,2,3
664,2,5
665,2,2
666,2,3
667,2,6
668,3,6
669,3,6
670,2,3
671,3,4
672,2,3
673,2,6
674,3,3
675,2,8
676,2,1
677,2,4
678,2,3
679,2,2
680,2,4
681,2,1
682,2,2
683,2,2
684,2,10
685,2,10
686,2,2
687,2,2
688,2,4
689,2,2
690,2,4
691,2,24
692,3,4
693,3,6
694,2,4
695,3,3
696,2,1
697,2,2
698,3,4
699,31,4
700,2,3
701,3,5
702,2,9
703,2,1
704,2,3
705,3,9
706,2,1
707,3,7
708,2,2
709,2,2
710,2,2
711,2,2
712,2,2
713,2,7
714,2,5
715,2,6
716,2,4
717,2,4
718,2,1
719,3,3
720,2,6
721,2,16
722,2,5
723,2,26
724,2,5
725,2,3
726,3,3
727,3,2
728,2,3
729,1,4
730,3,2
731,2,7
732,1,1
733,2,13
734,3,3
735,2,6
736,2,2
737,2,1
738,2,3
739,2,7
740,2,2
741,3,3
742,2,7
743,2,2
744,2,8
745,3,2
746,2,3
747,2,2
748,2,2
749,3,2
750,2,9
751,1,2
752,2,4
753,1,1
754,3,3
755,2,2
756,2,4
757,2,3
758,2,2
759,2,2
760,3,4
761,2,5
762,3,8
763,2,25
764,2,4
765,2,2
766,2,2
767,2,3
768,2,2
769,2,1
770,2,2
771,3,10
772,2,1
773,2,6
774,2,4
775,3,5
776,1,3
777,2,4
778,3,4
779,2,5
780,2,2
781,2,1
782,2,4
783,2,2
784,2,2
785,2,2
786,2,3
787,2,2
788,2,2
789,2,5
790,2,6
791,2,3
792,2,7
793,2,4
794,2,1
795,1,1
796,2,1
797,2,3
798,2,4
799,3,2
800,2,19
801,2,9
802,3,5
803,2,1
804,2,2
805,3,3
806,2,5
807,31,64
808,3,4
809,2,2
810,2,5
811,2,2
812,2,2
813,2,4
814,3,4
815,2,7
816,2,8
817,2,3
818,2,21
819,2,4
820,19,2
821,2,9
822,2,3
823,2,2
824,2,5
825,2,4
826,2,2
827,3,8
828,3,3
829,2,3
830,2,50
831,2,2
832,2,10
833,3,4
834,2,3
835,2,3
836,3,20
837,2,7
838,3,4
839,3,3
840,2,5
841,2,2
842,2,4
843,2,1
844,2,4
845,3,35
846,2,17
847,3,3
848,3,3
849,2,10
850,2,1
851,2,2
852,2,5
853,2,2
854,2,1
855,2,2
856,2,2
857,2,2
858,2,2
859,3,31
860,2,3
861,2,1
862,2,2
863,2,4
864,2,2
865,2,2
866,2,3
867,2,2
868,3,4
869,2,4
870,2,1
871,2,1
872,2,2
873,3,6
874,3,3
875,2,33
876,2,2
877,2,1
878,2,4
879,3,7
880,3,3
881,2,6
882,3,4
883,3,3
884,2,7
885,3,3
886,2,4
887,2,1
888,2,1
889,2,10
890,2,3
891,2,6
892,2,2
893,2,4
894,2,2
895,2,2
896,2,2
897,3,3
898,1,3
899,2,1
900,3,3
901,3,5
902,2,2
903,2,10
904,2,5
905,2,1
906,2,2
907,3,3
908,2,6
909,2,10
910,2,5
911,2,2
912,3,7
913,3,4
914,3,10
915,1,1
916,3,3
917,2,1
918,2,3
919,3,3
920,2,16
921,2,8
922,2,9
923,2,2
924,2,1
925,2,4
926,2,2
927,2,7
928,2,10
929,2,5
930,2,56
931,2,5
932,1,1
933,2,2
934,2,6
935,2,8
936,3,25
937,3,7
938,2,2
939,3,2
940,3,7
941,2,2
942,2,8
943,3,2
944,2,4
945,3,3
946,2,14
947,3,4
948,2,2
949,2,12
950,3,4
951,3,2
952,2,2
953,2,2
954,3,4
955,2,2
956,2,2
957,2,1
958,2,15
959,2,3
960,2,15
961,2,3
962,3,4
963,2,3
964,3,4
965,2,6
966,2,3
967,2,2
968,2,2
969,3,3
970,2,11
971,2,2
972,2,3
973,2,2
974,2,3
975,2,4
976,2,7
977,2,67
978,2,3
979,2,1
980,2,2
981,3,49
982,1,1
983,2,8
984,2,1
985,3,5
986,2,2
987,1,4
988,2,3
989,2,2
990,3,4
991,2,3
992,2,1
993,1,1
994,3,10
995,2,11
996,2,2
997,2,2
998,2,3
999,2,2
1000,2,4
1001,2,5
1002,2,4
1003,2,6
1004,2,6
1005,3,4
1006,2,1
1007,2,30
1008,2,5
1009,2,2
1010,2,3
1011,2,1
1012,2,1
1013,2,1
1014,3,2
1015,2,17
1016,2,6
1017,2,6
1018,2,1
1019,2,2
1020,2,3
1021,2,6
1022,1,5
1023,2,2
1024,2,1
1025,2,4
1026,2,8
1027,2,1
1028,2,29
1029,2,4
1030,2,4
1031,2,10
1032,3,4
1033,2,1
1034,2,7
1035,2,3
1036,2,7
1037,2,3
1038,3,3
1039,3,3
1040,2,4
1041,3,2
1042,3,2
1043,2,81
1044,2,3
1045,2,7
1046,2,2
1047,2,2
1048,3,5
1049,3,2
1050,2,2
1051,2,4
1052,3,16
1053,2,3
1054,2,2
1055,2,1
1056,19,6
1057,2,11
1058,3,9
1059,2,4
1060,3,4
1061,3,4
1062,1,2
1063,2,5
1064,2,2
1065,2,5
1066,2,6
1067,2,5
1068,2,5
1069,2,1
1070,2,2
1071,2,2
1072,2,3
1073,2,2
1074,2,7
1075,2,3
1076,1,1
1077,3,2
1078,3,9
1079,2,2
1080,2,3
1081,19,16
1082,2,2
1083,3,4
1084,2,2
1085,2,5
1086,2,97
1087,2,4
1088,2,1
1089,2,1
1090,2,2
1091,2,4
1092,2,2
1093,2,5
1094,2,1
1095,2,1
1096,2,3
1097,3,3
1098,2,3
1099,2,21
1100,2,6
1101,2,2
1102,2,14
1103,2,8
1104,5,43
1105,2,2
1106,2,4
1107,3,2
1108,2,12
1109,2,2
1110,2,6
1111,2,12
1112,3,5
1113,3,7
1114,3,4
1115,2,2
1116,2,8
1117,2,1
1118,3,2
1119,2,3
1120,2,9
1121,2,2
1122,3,7
1123,2,5
1124,3,9
1125,2,1
1126,2,2
1127,2,2
1128,2,7
1129,2,4
1130,2,3
1131,2,7
1132,2,2
1133,2,3
1134,2,8
1135,2,5
1136,2,5
1137,2,3
1138,2,2
1139,2,5
1140,2,5
1141,2,4
1142,2,7
1143,3,3
1144,2,1
1145,3,5
1146,2,2
1147,2,3
1148,2,2
1149,1,3
1150,2,2
1151,2,6
1152,2,2
1153,2,1
1154,2,7
1155,3,6
1156,3,9
1157,2,8
1158,2,1
1159,2,7
1160,2,5
1161,2,3
1162,2,11
1163,3,5
1164,3,6
1165,2,10
1166,2,1
1167,2,4
1168,3,1
1169,3,5
1170,2,2
1171,3,5
1172,1,3
1173,2,2
1174,2,3
1175,2,3
1176,2,1
1177,3,5
1178,2,9
1179,2,1
1180,2,1
1181,2,3
1182,2,2
1183,2,2
1184,2,12
1185,2,2
1186,3,3
1187,2,22
1188,2,2
1189,2,4
1190,3,9
1191,2,1
1192,2,1
1193,3,4
1194,1,3
1195,2,4
1196,2,4
1197,2,3
1198,2,2
1199,3,11
1200,2,2
1201,2,5
1202,2,1
1203,2,4
1204,2,2
1205,1,2
1206,2,7
1207,2,5
1208,2,1
1209,2,2
1210,2,1
1211,2,4
1212,3,3
1213,3,6
1214,2,1
1215,2,4
1216,2,3
1217,2,6
1218,2,7
1219,3,4
1220,2,1
1221,2,4
1222,3,2
1223,3,5
1224,2,1
1225,2,2
1226,2,5
1227,3,3
1228,2,2
1229,3,6
1230,3,3
1231,3,5
1232,2,5
1233,2,2
1234,2,2
1235,2,2
1236,2,3
1237,2,2
1238,3,4
1239,3,5
1240,1,1
1241,2,2
1242,2,4
1243,2,8
1244,2,1
1245,2,1
1246,3,5
1247,2,5
1248,2,12
1249,1,2
1250,2,13
1251,2,4
1252,2,2
1253,3,2
1254,3,9
1255,2,2
1256,3,5
1257,1,6
1258,2,4
1259,2,3
1260,2,8
1261,2,2
1262,2,2
1263,2,5
1264,3,9
1265,2,3
1266,2,2
1267,2,7
1268,2,1
1269,2,4
1270,2,3
1271,2,3
1272,2,2
1273,2,3
1274,2,5
1275,3,204
1276,2,4
1277,3,3
1278,2,2
1279,3,3
1280,2,2
1281,2,4
1282,3,2
1283,2,2
1284,3,9
1285,2,2
1286,2,4
1287,3,7
1288,2,2
1289,2,3
1290,2,3
1291,1,1
1292,2,1
1293,2,2
1294,2,2
1295,2,4
1296,2,1
1297,3,4
1298,2,2
1299,2,15
1300,2,1
1301,2,2
1302,2,1
1303,3,17
1304,2,2
1305,2,4
1306,2,5
1307,2,3
1308,2,3
1309,3,4
1310,3,3
1311,2,4
1312,2,5
1313,2,9
1314,2,2
1315,2,15
1316,2,8
1317,2,4
1318,3,8
1319,2,3
1320,3,5
1321,2,2
1322,3,5
1323,2,7
1324,2,2
1325,2,4
1326,2,6
1327,1,1
1328,2,4
1329,2,6
1330,2,1
1331,2,11
1332,2,7
1333,2,4
1334,2,1
1335,2,1
1336,2,2
1337,2,1
1338,2,5
1339,2,5
1340,2,4
1341,2,2
1342,2,7
1343,3,10
1344,2,8
1345,2,8
1346,2,9
1347,2,5
1348,3,2
1349,2,12
1350,2,3
1351,2,2
1352,3,4
1353,1,2
1354,2,3
1355,2,3
1356,2,1
1357,2,2
1358,2,4
1359,2,4
1360,3,4
1361,2,5
1362,2,3
1363,2,4
1364,2,7
1365,2,7
1366,2,1
1367,2,3
1368,2,2
1369,2,1
1370,2,3
1371,2,3
1372,2,3
1373,2,6
1374,2,2
1375,3,3
1376,4,2
1377,1,1
1378,2,1
1379,3,10
1380,2,11
1381,2,2
1382,2,3
1383,2,3
1384,2,31
1385,2,10
1386,3,5
1387,2,9
1388,2,10
1389,2,4
1390,2,5
1391,3,10
1392,2,1
1393,2,6
1394,2,2
1395,3,7
1396,2,39
1397,2,4
1398,2,1
1399,2,3
1400,2,4
1401,2,11
1402,2,2
1403,3,9
1404,1,4
1405,3,3
1406,2,2
1407,2,4
1408,2,2
1409,2,3
1410,3,2
1411,2,4
1412,2,2
1413,2,1
1414,2,2
1415,3,8
1416,2,4
1417,2,10
1418,2,2
1419,2,7
1420,3,6
1421,2,10
1422,3,2
1423,2,2
1424,2,1
1425,2,7
1426,2,5
1427,3,2
1428,2,2
1429,2,9
1430,2,1
1431,1,2
1432,1,6
1433,2,2
1434,3,3
1435,2,5
1436,2,1
1437,2,4
1438,2,9
1439,2,2
1440,3,2
1441,2,2
1442,2,3
1443,3,2
1444,31,2
1445,3,7
1446,2,1
1447,2,4
1448,2,3
1449,2,4
1450,2,2
1451,2,1
1452,2,2
1453,2,1
1454,3,12
1455,2,2
1456,2,3
1457,3,6
1458,2,2
1459,1,1
1460,2,2
1461,2,7
1462,2,2
1463,2,3
1464,2,4
1465,2,1
1466,3,2
1467,3,6
1468,2,2
1469,2,2
1470,2,5
1471,2,4
1472,2,8
1473,2,9
1474,3,3
1475,3,3
1476,2,1
1477,2,2
1478,2,3
1479,2,6
1480,2,4
1481,3,11
1482,2,3
1483,2,3
1484,2,3
1485,2,4
1486,2,8
1487,2,6
1488,2,2
1489,2,3
1490,1,1
1491,2,3
1492,3,7
1493,1,2
1494,1,4
1495,2,2
1496,2,3
1497,2,2
1498,3,3
1499,3,5
1500,31,6
1501,3,7
1502,4,2
1503,3,4
1504,2,3
1505,3,5
1506,2,1
1507,2,1
1508,2,8
1509,2,2
1510,2,3
1511,2,3
1512,2,3
1513,2,1
1514,3,2
1515,2,5
1516,2,3
1517,3,4
1518,3,6
1519,2,2
1520,3,1
1521,2,6
1522,3,2
1523,2,2
1524,11,8
1525,2,4
1526,2,5
1527,2,5
1528,2,4
1529,2,2
1530,2,1
1531,2,7
1532,3,2
1533,2,8
1534,2,2
1535,2,3
1536,1,11
1537,2,19
1538,3,5
1539,3,7
1540,2,3
1541,2,2
1542,3,2
1543,2,1
1544,2,3
1545,3,5
1546,2,5
1547,2,9
1548,2,5
1549,3,3
1550,2,12
1551,2,3
1552,2,2
1553,2,11
1554,2,2
1555,2,2
1556,2,4
1557,3,10
1558,2,8
1559,4,3
1560,2,2
1561,2,2
1562,2,3
1563,2,4
1564,2,2
1565,3,4
1566,2,3
1567,2,3
1568,2,5
1569,2,1
1570,1,8
1571,2,4
1572,2,18
1573,1,1
1574,2,3
1575,3,4
1576,3,11
1577,2,5
1578,2,1
1579,2,2
1580,1,3
1581,2,4
1582,2,2
1583,2,1
1584,3,10
1585,2,10
1586,3,25
1587,2,37
1588,3,8
1589,3,248
1590,2,3
1591,2,1
1592,2,6
1593,2,9
1594,2,2
1595,2,5
1596,2,1
1597,2,1
1598,3,3
1599,2,9
1600,2,2
1601,2,1
1602,3,5
1603,2,17
1604,2,9
1605,2,8
1606,2,4
1607,2,2
1608,2,4
1609,3,3
1610,2,1
1611,2,2
1612,3,7
1613,2,2
1614,2,5
1615,2,2
1616,2,5
1617,2,3
1618,3,7
1619,2,2
1620,2,1
1621,2,2
1622,2,1
1623,2,3
1624,2,5
1625,3,3
1626,2,3
1627,2,3
1628,2,1
1629,1,3
1630,2,2
1631,2,1
1632,2,2
1633,2,4
1634,3,35
1635,2,2
1636,2,2
1637,2,6
1638,2,1
1639,3,3
1640,2,2
1641,2,2
1642,3,7
1643,2,7
1644,2,4
1645,3,2
1646,2,2
1647,2,3
1648,2,7
1649,2,2
1650,2,2
1651,2,2
1652,2,2
1653,2,4
1654,2,5
1655,2,7
1656,2,1
1657,2,1
1658,2,2
1659,2,1
1660,2,7
1661,2,3
1662,3,5
1663,1,3
1664,3,5
1665,2,7
1666,3,3
1667,2,3
1668,2,2
1669,3,3
1670,2,3
1671,2,2
1672,2,1
1673,3,5
1674,2,5
1675,3,3
1676,3,5
1677,3,6
1678,1,2
1679,2,1
1680,3,7
1681,3,3
1682,2,3
1683,2,1
1684,2,8
1685,2,6
1686,2,2
1687,3,9
1688,2,1
1689,2,2
1690,3,16
1691,1,2
1692,2,5
1693,2,2
1694,2,1
1695,2,4
1696,3,3
1697,2,5
1698,2,15
1699,2,2
1700,1,9
1701,2,4
1702,2,3
1703,3,20
1704,2,4
1705,2,6
1706,2,3
1707,3,8
1708,2,2
1709,2,7
1710,2,1
1711,1,1
1712,1,1
1713,2,4
1714,2,3
1715,2,2
1716,2,2
1717,1,3
1718,2,3
1719,1,3
1720,2,7
1721,2,2
1722,2,11
1723,1,1
1724,2,1
1725,3,7
1726,3,4
1727,2,3
1728,2,8
1729,2,3
1730,1,3
1731,1,2
1732,3,2
1733,1,1
1734,2,21
1735,3,10
1736,1,3
1737,2,1
1738,3,2
1739,2,10
1740,2,2
1741,2,2
1742,2,2
1743,2,3
1744,2,3
1745,2,1
1746,2,1
1747,2,2
1748,2,3
1749,2,18
1750,2,4
1751,2,6
1752,2,5
1753,2,1
1754,2,1
1755,2,4
1756,2,4
1757,2,10
1758,2,4
1759,3,4
1760,2,1
1761,2,3
1762,2,2
1763,2,2
1764,2,6
1765,2,4
1766,1,1
1767,2,14
1768,3,8
1769,2,5
1770,3,86
1771,3,10
1772,1,1
1773,3,6
1774,3,3
1775,2,3
1776,2,1
1777,1,7
1778,2,6
1779,2,5
1780,2,10
1781,3,5
1782,3,16
1783,1,4
1784,2,5
1785,3,4
1786,2,2
1787,2,18
1788,2,2
1789,2,2
1790,2,9
1791,2,4
1792,2,1
1793,2,2
1794,2,1
1795,2,7
1796,2,6
1797,2,4
1798,2,3
1799,2,2
1800,2,1
1801,2,11
1802,2,2
1803,2,6
1804,2,2
1805,2,2
1806,2,4
1807,2,4
1808,2,5
1809,3,5
1810,2,5
1811,2,2
1812,2,20
1813,2,3
1814,2,3
1815,2,4
1816,2,3
1817,2,2
1818,2,3
1819,3,5
1820,2,3
1821,2,1
1822,3,9
1823,2,3
1824,2,2
1825,3,5
1826,2,10
1827,2,2
1828,2,3
1829,2,8
1830,2,1
1831,2,4
1832,2,1
1833,3,2
1834,2,1
1835,2,2
1836,2,2
1837,2,1
1838,2,2
1839,3,6
1840,2,8
1841,2,5
1842,2,2
1843,2,4
1844,2,13
1845,2,1
1846,2,2
1847,2,3
1848,2,11
1849,1,2
1850,2,2
1851,2,3
1852,2,4
1853,3,5
1854,2,5
1855,2,3
1856,3,5
1857,2,4
1858,2,3
1859,2,3
1860,2,1
1861,3,9
1862,2,2
1863,2,2
1864,2,2
1865,2,1
1866,3,3
1867,2,9
1868,2,7
1869,3,5
1870,2,10
1871,3,9
1872,3,2
1873,3,5
1874,2,15
1875,2,3
1876,2,3
1877,2,7
1878,2,1
1879,2,3
1880,2,6
1881,2,8
1882,2,2
1883,3,10
1884,2,1
1885,1,1
1886,2,2
1887,2,1
1888,1,3
1889,2,2
1890,2,11
1891,3,9
1892,3,3
1893,2,2
1894,2,4
1895,3,6
1896,2,4
1897,1,1
1898,2,2
1899,2,1
1900,2,4
1901,3,5
1902,2,10
1903,3,9
1904,2,5
1905,2,3
1906,3,3
1907,2,5
1908,2,1
1909,2,8
1910,3,7
1911,2,4
1912,3,4
1913,3,7
1914,2,11
1915,3,3
1916,2,2
1917,1,8
1918,1,2
1919,2,8
1920,2,7
1921,3,5
1922,3,3
1923,2,5
1924,3,25
1925,2,4
1926,2,4
1927,2,4
1928,2,1
1929,2,6
1930,2,3
1931,2,2
1932,31,36
1933,2,3
1934,3,4
1935,2,4
1936,3,10
1937,2,2
1938,1,2
1939,2,3
1940,2,2
1941,2,3
1942,3,4
1943,1,3
1944,2,3
1945,2,1
1946,1,5
1947,2,3
1948,1,3
1949,2,4
1950,2,3
1951,2,3
1952,1,2
1953,2,2
1954,2,7
1955,2,5
1956,2,12
1957,3,5
1958,3,8
1959,1,1
1960,2,4
1961,2,2
1962,2,5
1963,3,9
1964,2,2
1965,2,3
1966,2,12
1967,2,3
1968,2,5
1969,2,11
1970,3,17
1971,2,3
1972,2,2
1973,2,3
1974,2,4
1975,2,2
1976,3,5
1977,3,2
1978,2,3
1979,2,8
1980,19,2
1981,2,1
1982,2,5
1983,3,7
1984,2,3
1985,2,5
1986,2,13
1987,2,1
1988,2,5
1989,2,4
1990,2,2
1991,2,3
1992,2,3
1993,2,3
1994,1,5
1995,2,38
1996,2,2
1997,2,3
1998,2,4
1999,2,3
2000,2,3
2001,2,5
2002,2,8
2003,2,2
2004,2,8
2005,2,1
2006,2,2
2007,31,14
2008,2,13
2009,2,3
2010,2,4
2011,2,2
2012,2,8
2013,2,7
2014,2,5
2015,2,9
2016,3,2
2017,2,5
2018,2,1
2019,3,6
2020,2,6
2021,3,5
2022,2,4
2023,2,1
2024,2,5
2025,2,3
2026,2,15
2027,2,10
2028,2,7
2029,2,12
2030,2,2
2031,2,3
2032,2,2
2033,3,5
2034,2,1
2035,2,2
2036,2,7
2037,2,5
2038,2,5
2039,2,5
2040,2,5
2041,2,4
2042,2,6
2043,2,4
2044,3,14
2045,1,3
2046,3,9
2047,2,31
2048,2,1
2049,2,3
2050,2,5
2051,2,6
2052,2,3
2053,2,3
2054,2,2
2055,2,18
2056,2,5
2057,2,13
2058,2,6
2059,2,1
2060,2,1
2061,2,1
2062,2,2
2063,3,5
2064,3,7
2065,2,5
2066,3,8
2067,2,2
2068,2,3
2069,2,2
2070,2,1
2071,2,2
2072,2,1
2073,2,10
2074,2,2
2075,2,4
2076,2,1
2077,2,5
2078,2,2
2079,3,4
2080,2,3
2081,2,3
2082,2,3
2083,2,2
2084,2,3
2085,3,2
2086,2,1
2087,2,2
2088,3,5
2089,2,3
2090,2,2
2091,2,40
2092,2,9
2093,2,3
2094,2,2
2095,3,1
2096,3,3
2097,2,2
2098,2,7
2099,2,2
2100,2,3
2101,2,2
2102,2,7
2103,3,2
2104,2,1
2105,2,2
2106,2,1
2107,2,18
2108,19,18
2109,2,1
2110,3,5
2111,3,4
2112,2,2
2113,3,3
2114,3,2
2115,3,50
2116,2,5
2117,2,3
2118,2,2
2119,2,2
2120,2,1
2121,2,7
2122,2,3
2123,2,3
2124,3,3
2125,2,6
2126,2,2
2127,2,48
2128,2,6
2129,2,2
2130,2,4
2131,2,4
2132,2,2
2133,2,3
2134,2,8
2135,2,5
2136,2,6
2137,2,2
2138,3,7
2139,2,3
2140,2,1
2141,2,5
2142,2,6
2143,2,5
2144,2,5
2145,2,3
2146,2,2
2147,2,1
2148,2,2
2149,2,10
2150,2,3
2151,2,1
2152,2,1
2153,2,3
2154,4,13
2155,2,5
2156,2,7
2157,2,1
2158,2,4
2159,2,3
2160,1,1
2161,2,5
2162,2,11
2163,2,1
2164,2,4
2165,3,9
2166,3,17
2167,1,2
2168,2,2
2169,1,2
2170,2,5
2171,2,4
2172,3,2
2173,3,29
2174,2,30
2175,2,9
2176,2,3
2177,1,4
2178,2,6
2179,3,21
2180,3,2
2181,2,9
2182,3,2
2183,2,3
2184,2,1
2185,2,3
2186,2,4
2187,2,2
2188,2,2
2189,2,1
2190,3,5
2191,3,4
2192,2,1
2193,3,3
2194,3,3
2195,2,5
2196,2,2
2197,2,4
2198,2,2
2199,2,2
2200,2,6
2201,3,6
2202,3,10
2203,2,1
2204,2,2
2205,1,2
2206,2,2
2207,2,2
2208,3,25
2209,2,2
2210,2,2
2211,2,5
2212,2,16
2213,2,2
2214,2,8
2215,3,5
2216,2,10
2217,2,1
2218,2,17
2219,3,5
2220,3,3
2221,2,18
2222,2,4
2223,2,2
2224,3,3
2225,2,5
2226,2,4
2227,3,3
2228,2,5
2229,3,2
2230,1,2
2231,2,3
2232,2,5
2233,2,2
2234,2,10
2235,2,4
2236,2,1
2237,2,1
2238,2,7
2239,2,2
2240,2,17
2241,2,39
2242,2,9
2243,3,2
2244,2,2
2245,3,4
2246,2,4
2247,3,5
2248,5,12
2249,2,3
2250,2,4
2251,2,2
2252,2,19
2253,2,7
2254,3,3
2255,2,1
2256,2,3
2257,2,1
2258,1,5
2259,2,2
2260,2,2
2261,2,4
2262,2,7
2263,2,1
2264,2,2
2265,2,1
2266,2,4
2267,2,3
2268,3,4
2269,2,6
2270,3,7
2271,2,7
2272,2,13
2273,2,2
2274,2,7
2275,3,5
2276,3,3
2277,2,2
2278,2,9
2279,2,3
2280,2,3
2281,2,2
2282,2,2
2283,2,5
2284,2,3
2285,2,4
2286,2,3
2287,2,6
2288,2,15
2289,1,3
2290,2,8
2291,2,2
2292,2,3
2293,2,2
2294,2,18
2295,2,4
2296,3,9
2297,2,2
2298,1,3
2299,2,6
2300,2,4
2301,2,2
2302,3,34
2303,3,9
2304,3,4
2305,2,2
2306,2,1
2307,2,6
2308,2,2
2309,2,7
2310,2,3
2311,3,19
2312,2,4
2313,2,2
2314,1,5
2315,2,9
2316,2,3
2317,3,1
2318,2,2
2319,3,8
2320,2,10
2321,2,1
2322,2,2
2323,2,23
2324,3,5
2325,2,4
2326,2,7
2327,3,3
2328,2,1
2329,3,2
2330,3,13
2331,3,2
2332,2,4
2333,2,2
2334,1,2
2335,2,5
2336,2,6
2337,2,3
2338,2,6
2339,1,1
2340,3,3
2341,2,1
2342,3,13
2343,3,7
2344,2,3
2345,2,3
2346,1,9
2347,3,3
2348,2,3
2349,2,11
2350,2,13
2351,2,4
2352,2,1
2353,2,1
2354,2,2
2355,2,10
2356,2,3
2357,2,1
2358,2,2
2359,2,3
2360,2,1
2361,3,4
2362,2,3
2363,2,11
2364,2,10
2365,3,2
2366,2,3
2367,2,4
2368,2,2
2369,2,8
2370,2,2
2371,2,2
2372,2,1
2373,3,7
2374,2,3
2375,2,9
2376,2,3
2377,2,16
2378,2,2
2379,2,3
2380,2,2
2381,2,3
2382,2,11
2383,1,2
2384,2,4
2385,2,2
2386,2,1
2387,2,6
2388,2,30
2389,3,14
2390,2,11
2391,3,5
2392,2,1
2393,2,3
2394,2,2
2395,2,2
2396,2,34
2397,2,3
2398,2,1
2399,2,7
2400,2,4
2401,2,2
2402,3,3
2403,2,3
2404,3,3
2405,2,7
2406,2,3
2407,3,5
2408,2,5
2409,2,2
2410,2,2
2411,2,1
2412,2,2
2413,41,8
2414,2,12
2415,3,4
2416,2,5
2417,2,1
2418,2,7
2419,2,2
2420,2,3
2421,2,1
2422,2,3
2423,2,3
2424,3,5
2425,2,3
2426,1,1
2427,3,2
2428,2,2
2429,2,4
2430,3,5
2431,2,5
2432,2,13
2433,2,2
2434,3,2
2435,2,4
2436,2,1
2437,2,3
2438,2,1
2439,3,2
2440,3,6
2441,3,8
2442,2,2
2443,3,5
2444,2,2
2445,2,2
2446,2,1
2447,2,2
2448,3,3
2449,2,2
2450,2,3
2451,2,3
2452,2,6
2453,1,1
2454,2,9
2455,2,1
2456,2,1
2457,2,2
2458,2,2
2459,2,4
2460,2,2
2461,2,5
2462,3,3
2463,2,1
2464,2,3
2465,2,4
2466,2,1
2467,2,2
2468,2,2
2469,2,7
2470,3,2
2471,2,1
2472,2,2
2473,2,6
2474,1,3
2475,2,1
2476,1,2
2477,2,9
2478,3,3
2479,2,15
2480,2,2
2481,3,5
2482,2,6
2483,2,3
2484,3,4
2485,2,1
2486,2,2
2487,2,13
2488,2,2
2489,1,2
2490,2,2
2491,2,29
2492,3,2
2493,2,13
2494,3,2
2495,3,7
2496,2,6
2497,2,2
2498,2,2
2499,3,25
2500,2,7
2501,2,5
2502,2,1
2503,2,1
2504,3,3
2505,2,1
2506,2,10
2507,2,13
2508,2,6
2509,2,2
2510,2,1
2511,3,7
2512,2,4
2513,2,2
2514,3,2
2515,19,13
2516,2,3
2517,2,1
2518,2,1
2519,3,4
2520,2,3
2521,2,5
2522,4,59
2523,2,2
2524,2,2
2525,3,2
2526,3,50
2527,2,10
2528,2,2
2529,2,2
2530,2,2
2531,2,9
2532,2,4
2533,2,2
2534,2,3
2535,2,2
2536,2,2
2537,2,15
2538,2,3
2539,3,2
2540,2,3
2541,2,4
2542,2,1
2543,3,10
2544,3,12
2545,3,8
2546,3,48
2547,3,8
2548,2,4
2549,2,3
2550,2,3
2551,2,2
2552,1,1
2553,4,74
2554,2,1
2555,2,2
2556,2,4
2557,3,1
2558,2,2
2559,2,2
2560,3,45
2561,2,2
2562,2,2
2563,3,2
2564,2,1
2565,2,8
2566,3,3
2567,3,11
2568,2,3
2569,2,2
2570,3,100
2571,3,5
2572,2,1
2573,2,6
2574,2,3
2575,2,6
2576,3,10
2577,2,6
2578,3,7
2579,2,2
2580,2,1
2581,2,10
2582,2,11
2583,2,12
2584,2,3
2585,2,11
2586,3,4
2587,2,8
2588,2,5
2589,3,21
2590,3,6
2591,2,6
2592,3,3
2593,3,3
2594,2,7
2595,2,3
2596,3,7
2597,2,3
2598,2,8
2599,2,8
2600,2,2
2601,2,3
2602,2,4
2603,3,9
2604,2,6
2605,2,1
2606,2,2
2607,2,5
2608,2,1
2609,3,16
2610,3,1
2611,2,4
2612,3,7
2613,2,2
2614,2,1
2615,2,7
2616,3,8
2617,2,2
2618,2,2
2619,2,2
2620,2,4
2621,2,2
2622,3,4
2623,2,2
2624,2,2
2625,2,3
2626,2,10
2627,2,1
2628,2,5
2629,2,6
2630,2,4
2631,1,1
2632,4,2
2633,2,4
2634,2,25
2635,2,14
2636,3,3
2637,2,6
2638,2,3
2639,2,5
2640,3,15
2641,2,4
2642,2,9
2643,2,8
2644,3,2
2645,2,7
2646,2,2
2647,2,4
2648,3,3
2649,5,30
2650,3,2
2651,3,3
2652,2,5
2653,2,2
2654,2,2
2655,2,1
2656,3,5
2657,2,5
2658,2,4
2659,2,6
2660,2,3
2661,3,10
2662,2,3
2663,2,4
2664,2,14
2665,3,11
2666,3,9
2667,2,3
2668,2,9
2669,1,1
2670,3,9
2671,2,2
2672,2,2
2673,2,2
2674,2,3
2675,2,2
2676,3,6
2677,2,4
2678,2,5
2679,2,1
2680,2,2
2681,3,5
2682,2,4
2683,2,2
2684,2,2
2685,2,3
2686,2,4
2687,2,1
2688,2,4
2689,3,123
2690,2,2
2691,2,2
2692,2,2
2693,2,1
2694,3,6
2695,2,2
2696,2,5
2697,3,50
2698,2,4
2699,2,8
2700,1,2
2701,2,2
2702,2,3
2703,3,3
2704,2,4
2705,3,3
2706,2,8
2707,2,7
2708,3,2
2709,3,12
2710,3,9
2711,3,4
2712,2,2
2713,1,2
2714,2,10
2715,2,4
2716,3,8
2717,1,3
2718,2,2
2719,2,2
2720,2,3
2721,2,7
2722,2,5
2723,2,2
2724,2,2
2725,2,2
2726,2,5
2727,2,3
2728,2,2
2729,3,4
2730,2,5
2731,1,1
2732,3,41
2733,2,1
2734,1,2
2735,2,4
2736,2,2
2737,2,7
2738,3,5
2739,3,3
2740,2,3
2741,5,21
2742,1,3
2743,2,7
2744,3,4
2745,2,2
2746,2,2
2747,3,4
2748,3,3
2749,2,3
2750,2,4
2751,3,8
2752,1,3
2753,2,4
2754,3,8
2755,2,5
2756,2,1
2757,2,3
2758,2,3
2759,2,9
2760,2,2
2761,2,6
2762,2,2
2763,2,1
2764,2,3
2765,2,2
2766,2,3
2767,2,4
2768,2,2
2769,2,6
2770,2,1
2771,2,5
2772,2,8
2773,2,2
2774,3,3
2775,3,3
2776,2,5
2777,2,3
2778,2,3
2779,2,2
2780,2,3
2781,2,5
2782,2,4
2783,2,1
2784,2,1
2785,3,5
2786,3,4
2787,2,2
2788,3,10
2789,2,6
2790,2,2
2791,2,2
2792,1,1
2793,2,4
2794,3,4
2795,1,5
2796,2,5
2797,2,2
2798,3,7
2799,2,2
2800,2,2
2801,2,4
2802,2,3
2803,19,13
2804,2,4
2805,3,2
2806,2,1
2807,3,4
2808,2,4
2809,3,2
2810,2,3
2811,2,2
2812,2,1
2813,3,2
2814,2,9
2815,2,1
2816,2,2
2817,2,2
2818,2,2
2819,2,3
2820,2,8
2821,2,2
2822,2,3
2823,2,14
2824,2,4
2825,2,8
2826,2,6
2827,2,2
2828,2,2
2829,2,5
2830,1,1
2831,2,1
2832,2,8
2833,3,5
2834,2,5
2835,3,4
2836,2,2
2837,2,3
2838,3,3
2839,2,1
2840,2,2
2841,3,13
2842,1,1
2843,2,5
2844,3,3
2845,2,1
2846,2,3
2847,1,1
2848,2,2
2849,2,4
2850,2,1
2851,2,2
2852,2,17
2853,2,4
2854,1,2
2855,2,3
2856,2,2
2857,2,2
2858,3,9
2859,2,1
2860,3,2
2861,2,1
2862,2,1
2863,3,4
2864,3,3
2865,1,1
2866,3,6
2867,3,10
2868,2,2
2869,2,2
2870,3,10
2871,2,1
2872,1,2
2873,1,6
2874,2,3
2875,3,3
2876,2,1
2877,2,3
2878,2,2
2879,2,4
2880,1,2
2881,2,14
2882,2,7
2883,3,6
2884,2,6
2885,2,1
2886,2,4
2887,2,4
2888,2,1
2889,3,15
2890,1,1
2891,2,2
2892,2,4
2893,2,2
2894,2,21
2895,2,3
2896,2,4
2897,2,8
2898,1,1
2899,2,2
2900,2,2
2901,2,1
2902,2,2
2903,3,6
2904,2,2
2905,1,1
2906,2,2
2907,2,1
2908,3,4
2909,2,3
2910,2,2
2911,1,1
2912,3,3
2913,2,2
2914,3,10
2915,2,3
2916,2,2
2917,2,2
2918,2,3
2919,3,6
2920,2,5
2921,3,2
2922,2,3
2923,1,4
2924,3,4
2925,2,8
2926,3,2
2927,2,3
2928,2,3
2929,3,4
2930,3,3
2931,1,3
2932,2,3
2933,2,9
2934,2,2
2935,2,1
2936,2,11
2937,3,5
2938,2,2
2939,2,4
2940,2,7
2941,2,1
2942,3,4
2943,2,10
2944,3,5
2945,2,2
2946,3,2
2947,1,7
2948,1,1
2949,2,21
2950,31,28
2951,2,2
2952,2,2
2953,2,3
2954,2,6
2955,2,5
2956,3,6
2957,2,2
2958,2,1
2959,3,1
2960,2,5
2961,3,6
2962,2,4
2963,3,2
2964,2,9
2965,2,3
2966,2,5
2967,1,1
2968,2,12
2969,2,5
2970,2,5
2971,2,3
2972,2,5
2973,2,17
2974,3,21
2975,2,5
2976,2,11
2977,3,5
2978,2,6
2979,1,3
2980,2,1
2981,2,11
2982,1,1
2983,2,4
2984,2,9
2985,2,6
2986,2,3
2987,2,6
2988,2,9
2989,2,5
2990,3,6
2991,3,9
2992,2,5
2993,2,1
2994,2,2
2995,2,7
2996,2,4
2997,3,3
2998,3,5
2999,2,6
3000,3,4
3001,2,2
3002,2,17
3003,2,1
3004,2,18
3005,3,3
3006,2,5
3007,2,2
3008,2,2
3009,2,4
3010,2,2
3011,2,1
3012,2,3
3013,2,3
3014,2,3
3015,2,5
3016,1,1
3017,2,5
3018,2,3
3019,2,2
3020,2,2
3021,1,3
3022,2,3
3023,3,4
3024,2,17
3025,3,4
3026,2,8
3027,2,5
3028,2,3
3029,3,3
3030,3,5
3031,2,4
3032,2,2
3033,3,2
3034,2,4
3035,2,2
3036,2,2
3037,2,1
3038,2,2
3039,3,4
3040,2,3
3041,2,1
3042,2,2
3043,2,3
3044,2,9
3045,2,2
3046,2,2
3047,3,4
3048,2,3
3049,1,16
3050,2,1
3051,2,3
3052,3,28
3053,2,4
3054,3,3
3055,2,3
3056,2,4
3057,2,2
3058,2,2
3059,2,2
3060,2,2
3061,2,4
3062,3,3
3063,2,3
3064,2,8
3065,2,4
3066,2,7
3067,3,1
3068,2,1
3069,2,1
3070,2,6
3071,2,5
3072,2,238
3073,2,1
3074,2,1
3075,2,2
3076,2,2
3077,3,5
3078,2,3
3079,2,3
3080,2,10
3081,2,1
3082,2,3
3083,2,4
3084,2,2
3085,3,3
3086,2,8
3087,2,3
3088,2,19
3089,3,25
3090,2,3
3091,1,12
3092,2,3
3093,3,5
3094,2,6
3095,2,5
3096,2,3
3097,2,2
3098,2,18
3099,3,6
3100,2,3
3101,2,3
3102,2,4
3103,2,6
3104,2,44
3105,2,4
3106,2,8
3107,2,14
3108,2,2
3109,2,3
3110,2,3
3111,3,4
3112,2,2
3113,2,4
3114,1,5
3115,2,3
3116,3,11
3117,2,2
3118,1,1
3119,1,1
3120,2,6
3121,2,1
3122,2,3
3123,3,9
3124,2,8
3125,2,3
3126,3,2
3127,3,5
3128,2,5
3129,2,6
3130,3,2
3131,2,2
3132,2,1
3133,2,6
3134,2,2
3135,2,2
3136,2,2
3137,2,2
3138,2,3
3139,2,3
3140,2,1
3141,2,2
3142,2,8
3143,2,4
3144,2,4
3145,2,1
3146,3,3
3147,1,1
3148,2,1
3149,2,2
3150,2,1
3151,2,2
3152,2,3
3153,3,6
3154,3,3
3155,2,4
3156,2,2
3157,3,3
3158,1,4
3159,2,4
3160,3,8
3161,2,3
3162,2,4
3163,2,2
3164,3,4
3165,3,3
3166,1,2
3167,2,6
3168,2,8
3169,2,3
3170,2,10
3171,2,1
3172,3,5
3173,2,5
3174,3,4
3175,2,6
3176,2,3
3177,2,8
3178,3,6
3179,2,2
3180,3,3
3181,2,2
3182,3,2
3183,3,8
3184,2,2
3185,2,5
3186,2,2
3187,3,2
3188,2,3
3189,730,4
3190,3,24
3191,2,2
3192,2,1
3193,1,6
3194,2,2
3195,2,2
3196,3,4
3197,2,2
3198,2,3
3199,3,2
3200,2,4
3201,2,2
3202,3,9
3203,1,1
3204,2,1
3205,2,5
3206,2,2
3207,2,1
3208,2,3
3209,3,15
3210,2,2
3211,2,1
3212,2,3
3213,3,4
3214,2,8
3215,2,3
3216,2,3
3217,2,8
3218,2,3
3219,2,2
3220,2,4
3221,2,5
3222,2,1
3223,2,3
3224,2,6
3225,2,2
3226,2,4
3227,2,2
3228,3,8
3229,2,1
3230,1,1
3231,3,34
3232,2,6
3233,2,1
3234,3,2
3235,2,10
3236,2,1
3237,2,3
3238,4,55
3239,2,8
3240,2,3
3241,2,4
3242,2,1
3243,2,2
3244,2,2
3245,2,1
3246,2,2
3247,3,6
3248,2,3
3249,2,12
3250,1,1
3251,2,5
3252,2,2
3253,3,29
3254,2,2
3255,2,5
3256,2,3
3257,2,6
3258,2,2
3259,2,4
3260,2,3
3261,2,7
3262,2,4
3263,2,3
3264,2,2
3265,2,2
3266,3,8
3267,2,2
3268,2,9
3269,3,21
3270,2,3
3271,1,7
3272,2,3
3273,3,3
3274,2,2
3275,3,5
3276,2,1
3277,1,3
3278,2,48
3279,1,1
3280,3,7
3281,2,10
3282,2,1
3283,2,2
3284,2,6
3285,2,1
3286,2,13
3287,2,3
3288,2,11
3289,2,3
3290,1,4
3291,2,1
3292,2,2
3293,2,12
3294,2,1
3295,2,15
3296,2,2
3297,2,8
3298,3,10
3299,2,3
3300,2,10
3301,2,2
3302,3,11
3303,2,5
3304,2,7
3305,2,11
3306,2,5
3307,2,5
3308,2,5
3309,3,5
3310,3,5
3311,3,6
3312,2,3
3313,2,2
3314,2,4
3315,2,4
3316,3,3
3317,2,4
3318,2,5
3319,2,2
3320,2,6
3321,2,1
3322,3,6
3323,3,7
3324,3,2
3325,3,5
3326,3,7
3327,3,8
3328,2,3
3329,2,2
3330,2,5
3331,3,15
3332,2,7
3333,2,7
3334,3,4
3335,2,3
3336,2,1
3337,2,5
3338,2,4
3339,2,2
3340,2,34
3341,2,2
3342,2,1
3343,2,3
3344,2,5
3345,3,2
3346,2,2
3347,2,1
3348,2,2
3349,2,4
3350,3,4
3351,2,4
3352,2,4
3353,1,1
3354,2,6
3355,2,2
3356,2,11
3357,2,2
3358,2,3
3359,2,2
3360,3,3
3361,2,3
3362,3,5
3363,2,2
3364,2,2
3365,2,3
3366,2,4
3367,2,61
3368,2,2
3369,2,3
3370,2,3
3371,1,1
3372,2,3
3373,2,1
3374,2,2
3375,2,8
3376,2,1
3377,2,7
3378,1,6
3379,2,2
3380,2,8
3381,2,3
3382,3,5
3383,2,1
3384,3,2
3385,2,2
3386,2,2
3387,3,6
3388,2,5
3389,3,2
3390,2,2
3391,2,20
3392,3,3
3393,2,3
3394,3,5
3395,2,2
3396,3,5
3397,3,3
3398,2,6
3399,2,3
3400,1,1
3401,3,3
3402,2,7
3403,2,4
3404,2,2
3405,3,3
3406,3,4
3407,2,3
3408,2,2
3409,3,8
3410,2,2
3411,3,4
3412,2,7
3413,2,5
3414,2,5
3415,2,2
3416,2,5
3417,3,5
3418,2,3
3419,3,3
3420,1,1
3421,2,6
3422,2,3
3423,2,2
3424,2,15
3425,1,1
3426,2,2
3427,2,7
3428,2,10
3429,2,1
3430,2,12
3431,1,1
3432,2,1
3433,2,5
3434,2,2
3435,2,8
3436,2,24
3437,2,6
3438,2,3
3439,2,2
3440,2,2
3441,2,7
3442,2,3
3443,2,3
3444,3,7
3445,2,4
3446,2,1
3447,2,7
3448,2,4
3449,31,3
3450,2,2
3451,3,1
3452,2,10
3453,2,2
3454,2,1
3455,2,1
3456,2,10
3457,2,11
3458,2,8
3459,2,1
3460,3,4
3461,2,4
3462,2,1
3463,3,3
3464,2,6
3465,2,2
3466,2,7
3467,2,5
3468,2,5
3469,2,3
3470,3,8
3471,2,2
3472,2,5
3473,2,5
3474,2,8
3475,2,1
3476,3,3
3477,3,5
3478,2,3
3479,2,6
3480,2,5
3481,2,16
3482,2,2
3483,2,2
3484,3,4
3485,2,2
3486,2,3
3487,2,3
3488,3,7
3489,2,2
3490,2,2
3491,2,1
3492,2,3
3493,2,6
3494,1,10
3495,2,8
3496,2,2
3497,2,2
3498,2,5
3499,2,1
3500,2,7
3501,2,6
3502,3,8
3503,2,8
3504,2,3
3505,2,1
3506,2,4
3507,3,4
3508,2,9
3509,3,3
3510,2,19
3511,3,3
3512,2,4
3513,1,5
3514,2,15
3515,2,4
3516,2,3
3517,3,8
3518,2,1
3519,3,5
3520,2,3
3521,2,3
3522,2,2
3523,2,2
3524,3,13
3525,2,2
3526,3,2
3527,2,5
3528,2,3
3529,3,3
3530,1,2
3531,2,3
3532,2,2
3533,3,6
3534,3,7
3535,1,1
3536,2,1
3537,2,2
3538,2,2
3539,2,3
3540,2,1
3541,1,1
3542,2,3
3543,2,2
3544,2,6
3545,2,2
3546,2,6
3547,2,1
3548,2,8
3549,2,2
3550,3,3
3551,2,2
3552,2,7
3553,3,3
3554,2,3
3555,2,5
3556,2,3
3557,2,2
3558,3,3
3559,2,2
3560,2,3
3561,2,3
3562,2,7
3563,2,4
3564,3,4
3565,3,4
3566,2,1
3567,2,3
3568,2,10
3569,3,2
3570,3,2
3571,3,4
3572,2,4
3573,2,2
3574,3,9
3575,3,7
3576,2,2
3577,2,9
3578,1,1
3579,2,1
3580,2,3
3581,2,5
3582,2,2
3583,3,11
3584,1,2
3585,3,3
3586,2,15
3587,2,9
3588,2,33
3589,2,2
3590,2,2
3591,2,6
3592,3,5
3593,2,9
3594,3,6
3595,2,3
3596,2,2
3597,2,8
3598,3,2
3599,2,2
3600,1,1
3601,2,3
3602,2,1
3603,2,3
3604,2,8
3605,2,2
3606,3,9
3607,2,5
3608,2,2
3609,3,3
3610,2,1
3611,2,2
3612,3,4
3613,2,3
3614,2,1
3615,2,6
3616,2,4
3617,2,8
3618,3,4
3619,2,7
3620,2,3
3621,3,3
3622,2,3
3623,2,2
3624,3,4
3625,3,1
3626,2,2
3627,2,1
3628,3,5
3629,2,3
3630,3,1
3631,2,3
3632,2,2
3633,2,4
3634,1,2
3635,2,8
3636,3,4
3637,2,4
3638,3,4
3639,2,2
3640,2,5
3641,2,10
3642,1,5
3643,2,2
3644,2,4
3645,2,3
3646,2,3
3647,2,6
3648,3,3
3649,2,2
3650,3,6
3651,2,4
3652,3,3
3653,2,3
3654,3,3
3655,2,3
3656,2,2
3657,2,4
3658,2,2
3659,2,1
3660,2,2
3661,3,9
3662,2,4
3663,2,6
3664,2,3
3665,2,2
3666,2,8
3667,3,4
3668,2,3
3669,2,4
3670,3,3
3671,3,3
3672,2,2
3673,19,1
3674,3,2
3675,2,9
3676,2,2
3677,2,1
3678,2,1
3679,3,3
3680,3,3
3681,2,2
3682,1,3
3683,2,17
3684,2,3
3685,2,4
3686,2,2
3687,2,2
3688,2,2
3689,2,7
3690,3,4
3691,2,2
3692,2,5
3693,2,3
3694,2,6
3695,2,8
3696,2,5
3697,3,5
3698,5,4
3699,1,5
3700,2,1
3701,1,5
3702,3,3
3703,1,600
3704,2,4
3705,2,8
3706,2,2
3707,2,12
3708,2,2
3709,2,3
3710,2,6
3711,2,4
3712,2,5
3713,1,2
3714,2,7
3715,2,2
3716,2,2
3717,3,5
3718,2,3
3719,2,1
3720,1,8
3721,2,2
3722,1,1
3723,3,6
3724,2,2
3725,3,9
3726,1,1
3727,2,2
3728,2,3
3729,2,2
3730,2,8
3731,2,20
3732,3,18
3733,2,4
3734,2,8
3735,2,3
3736,2,4
3737,2,1
3738,2,2
3739,3,4
3740,2,1
3741,2,1
3742,3,4
3743,2,2
3744,3,8
3745,1,1
3746,1,1
3747,2,6
3748,2,2
3749,2,3
3750,2,2
3751,2,2
3752,3,5
3753,2,2
3754,2,2
3755,2,3
3756,3,5
3757,3,4
3758,3,9
3759,2,2
3760,2,14
3761,2,2
3762,2,4
3763,1,2
3764,2,5
3765,3,3
3766,2,2
3767,3,12
3768,2,7
3769,3,4
3770,1,1
3771,2,10
3772,3,5
3773,3,7
3774,2,2
3775,2,3
3776,2,4
3777,2,1
3778,2,5
3779,3,4
3780,3,2
3781,3,5
3782,2,2
3783,2,11
3784,2,5
3785,2,2
3786,3,4
3787,2,10
3788,5,33
3789,3,6
3790,2,4
3791,2,4
3792,2,2
3793,2,2
3794,2,3
3795,3,8
3796,3,8
3797,3,3
3798,3,3
3799,3,4
3800,2,1
3801,2,3
3802,1,3
3803,2,7
3804,2,3
3805,2,3
3806,3,7
3807,3,22
3808,2,2
3809,2,2
3810,2,14
3811,2,2
3812,31,3
3813,2,1
3814,2,2
3815,2,6
3816,2,2
3817,2,2
3818,2,2
3819,3,17
3820,2,4
3821,2,2
3822,1,7
3823,2,1
3824,2,5
3825,2,4
3826,2,4
3827,2,4
3828,2,3
3829,2,2
3830,2,4
3831,2,2
3832,2,5
3833,2,5
3834,2,3
3835,2,5
3836,3,4
3837,3,15
3838,2,3
3839,2,2
3840,2,2
3841,2,3
3842,2,8
3843,2,5
3844,3,3
3845,2,2
3846,2,1
3847,2,3
3848,2,9
3849,2,3
3850,1,1
3851,3,4
3852,1,5
3853,2,6
3854,3,3
3855,3,3
3856,19,16
3857,2,2
3858,2,3
3859,2,2
3860,3,2
3861,2,1
3862,2,8
3863,2,1
3864,2,3
3865,1,12
3866,2,6
3867,2,2
3868,2,2
3869,2,2
3870,2,1
3871,2,2
3872,1,1
3873,2,7
3874,2,7
3875,2,3
3876,2,5
3877,2,8
3878,2,49
3879,3,3
3880,2,3
3881,1,9
3882,2,2
3883,2,2
3884,2,7
3885,2,2
3886,3,5
3887,2,2
3888,3,4
3889,1,1
3890,2,2
3891,3,8
3892,3,1
3893,3,9
3894,2,18
3895,2,7
3896,3,3
3897,3,3
3898,3,5
3899,3,5
3900,2,2
3901,3,6
3902,1,3
3903,3,5
3904,2,2
3905,2,3
3906,2,2
3907,2,5
3908,2,2
3909,31,2
3910,2,2
3911,2,5
3912,2,6
3913,2,4
3914,2,2
3915,2,2
3916,2,18
3917,2,4
3918,3,13
3919,2,3
3920,3,9
3921,2,2
3922,3,1
3923,2,11
3924,1,3
3925,2,6
3926,2,2
3927,1,2
3928,3,8
3929,2,4
3930,3,6
3931,2,3
3932,2,3
3933,2,3
3934,2,5
3935,3,10
3936,3,1
3937,3,3
3938,2,5
3939,2,4
3940,2,1
3941,2,16
3942,3,4
3943,2,8
3944,2,25
3945,2,2
3946,1,1
3947,2,2
3948,2,1
3949,2,6
3950,2,5
3951,2,5
3952,2,2
3953,2,5
3954,2,2
3955,2,3
3956,2,3
3957,2,8
3958,2,10
3959,2,3
3960,2,8
3961,1,2
3962,2,2
3963,3,3
3964,2,7
3965,2,3
3966,2,5
3967,1,2
3968,2,3
3969,2,4
3970,2,3
